{
    "author" : "lzz",
    "type": "list-mixed",
    "version": "1.0.0",
    "name": "图文列表",
  "config": {
    "title": "组件标题", 
        "link": "http://www.link.com",  
        "showMore": "true", 
        "showPagination": "true", 
        "totalSize": "1000", 
        "pageSize": "50",  
        "titleLength": "50", 
        "sortOrder": "1", 
        "dateFormat": "yy-MM-dd", 
        "imageWidth": "120", 
        "imageHeight": "120",
        "playMode": "1",  
        "interval": "5", 
        "day": "true", 
        "week": "true",
        "month": "true",
        "halfYear": "true", 
        "defaultList": "month", 
        "hits": "true"
  },
  "data": [
    {
      "title": "电玩未来9大趋势：数字与实体的跨界或已到来",
      "pageUrl": "http://17173.com",
      "description": "这是概要内容概要内容概要内容概要内容概要内容概要内容",
      "publishTime": "10-12"
    }, {
      "title": "电玩未来9大趋势：数字与实体的跨界或已到来",
      "pageUrl": "http://17173.com",
      "description": "这是概要内容概要内容概要内容概要内容概要内容概要内容",
      "publishTime": "10-12"
    }
  ],
  "pagedData": {
        "currentPage" : 5,
        "totalPage" : 10,
        "pagedList" : [
            {
                "pageNo" : 1,
                "url" : "http://www.lik.com_1"
            },
            {
                "pageNo" : 2,
                "url" : "http://www.lik.com_2"
            },
            {
                "pageNo" : 3,
                "url" : "http://www.lik.com_3"
            },
            {
                "pageNo" : 4,
                "url" : "http://www.lik.com_4"
            },
            {
                "pageNo" : 5,
                "url" : "http://www.lik.com_5"
            },
            {
                "pageNo" : 6,
                "url" : "http://www.lik.com_6"
            },
            {
                "pageNo" : 7,
                "url" : "http://www.lik.com_7"
            },
            {
                "pageNo" : 8,
                "url" : "http://www.lik.com_8"
            },
            {
                "pageNo" : 9,
                "url" : "http://www.lik.com_9"
            },
            {
                "pageNo" : 10,
                "url" : "http://www.lik.com_10"
            }
        ]
    }
}   